FrameNumber,Kanji,Keyword,LastReview,ExpireDate,LeitnerBox,FailCount,PassCount
1,"一","one",2019-10-08 14:41:22,2019-11-18,5,0,4
2,"二","two",2019-10-08 14:41:18,2019-11-17,5,0,4
3,"三","three",2019-10-07 01:04:31,2019-11-12,5,0,4
4,"四","four",2019-10-08 14:30:31,2019-11-17,5,0,4
5,"五","five",2019-10-20 05:32:56,2019-12-04,6,0,5
6,"六","six",2019-10-07 01:04:31,2019-11-14,5,0,4
7,"七","seven",2019-11-04 02:50:32,2019-12-26,6,0,5
8,"八","eight",2019-10-27 12:00:08,2019-12-13,6,0,5
9,"九","nine",2019-11-05 02:35:17,2019-12-27,6,0,5
10,"十","ten",2019-10-08 14:37:56,2019-11-13,5,0,4
11,"口","mouth",2019-10-08 14:41:22,2019-11-18,5,0,4
12,"日","day",2019-10-08 14:31:42,2019-11-19,5,0,4
13,"月","month",2019-10-08 14:31:42,2019-11-20,5,0,4
14,"田","rice field",2019-10-08 14:30:31,2019-11-17,5,0,4
15,"目","eye",2019-10-08 14:39:59,2019-11-13,5,0,4
16,"古","old",2019-10-19 10:45:25,2019-12-06,6,0,5
17,"吾","I",2019-11-04 02:52:03,2019-11-12,3,2,9
18,"冒","risk",2019-10-31 03:03:32,2019-12-30,6,0,5
19,"朋","companion",2019-11-01 03:35:13,2019-12-24,6,0,5
20,"明","bright",2019-10-08 17:22:20,2019-12-07,6,0,5
21,"唱","chant",2019-10-09 14:24:13,2019-11-29,6,0,5
22,"晶","sparkle",2019-10-09 14:22:23,2019-12-02,6,0,5
23,"品","goods",2019-10-27 12:12:44,2019-12-11,6,0,5
24,"呂","spine",2019-10-09 14:24:13,2019-11-28,6,1,5
25,"昌","prosperous",2019-10-08 16:42:42,2019-11-30,6,1,5
26,"早","early",2019-10-08 17:02:38,2019-11-29,6,0,5
27,"旭","rising sun",2019-10-31 12:56:41,2019-11-23,5,1,8
28,"世","generation",2019-10-09 14:25:26,2019-11-23,6,0,5
29,"胃","stomach",2019-11-05 02:37:49,2020-01-05,6,0,5
30,"旦","nightbreak",2019-10-09 14:03:03,2019-11-26,6,0,5
31,"胆","gall bladder",2019-10-08 16:44:12,2019-12-01,6,1,5
32,"亘","span",2019-10-08 16:49:14,2019-11-25,6,0,5
33,"凹","concave",2019-10-30 03:29:04,2019-12-27,6,0,5
34,"凸","convex",2019-10-08 17:00:26,2019-11-22,6,0,5
35,"旧","olden times",2019-10-31 03:04:34,2019-12-30,6,2,7
36,"自","oneself",2019-10-31 03:07:10,2019-12-18,6,0,5
37,"白","white",2019-10-09 14:18:05,2019-11-25,6,0,5
38,"百","hundred",2019-10-07 01:05:18,2019-11-16,5,0,4
39,"中","in",2019-10-11 02:38:37,2019-12-25,6,0,5
40,"千","thousand",2019-10-19 10:45:25,2019-12-03,6,0,5
41,"舌","tongue",2019-10-19 10:46:37,2019-11-13,5,1,6
42,"升","measuring box",2019-10-09 14:04:26,2019-12-02,6,0,5
43,"昇","rise up",2019-10-27 12:11:19,2019-11-21,5,2,8
44,"丸","round",2019-10-09 14:16:36,2019-12-02,6,1,6
45,"寸","measurement",2019-11-02 05:51:02,2019-12-27,6,2,7
46,"肘","elbow",2019-11-02 05:47:51,2019-12-30,6,2,6
47,"専","specialty",2019-11-02 05:46:27,2019-11-17,4,5,6
48,"博","Dr.",2019-10-09 13:59:22,2019-12-04,6,1,5
49,"占","fortune-telling",2019-10-08 17:02:38,2019-12-07,6,0,5
50,"上","above",2019-10-08 14:31:42,2019-11-17,5,0,4
51,"下","below",2019-10-07 01:04:31,2019-11-16,5,0,4
52,"卓","eminent",2019-10-31 03:06:29,2019-12-25,6,0,5
53,"朝","morning",2019-10-31 03:08:00,2019-12-19,6,0,5
54,"嘲","derision",2019-10-31 03:02:32,2019-11-15,4,3,8
55,"只","only",2019-10-27 11:57:29,2019-12-24,6,0,5
56,"貝","shellfish",2019-10-06 11:54:49,2019-11-12,5,0,4
57,"唄","pop song",2019-11-09 09:28:14,2019-11-16,3,1,6
58,"貞","upright",2019-10-31 12:56:41,2019-12-30,6,1,5
59,"員","employee",2019-11-03 03:31:35,2020-01-03,6,0,5
60,"貼","post a bill",2019-10-27 12:15:45,2019-11-11,4,3,10
61,"見","see",2019-11-05 02:32:53,2019-12-28,6,0,5
62,"児","newborn babe",2019-10-08 17:03:49,2019-11-28,6,0,5
63,"元","beginning",2019-10-09 14:18:03,2019-12-08,6,0,5
64,"頁","page",2019-10-09 14:10:08,2019-12-03,6,0,5
65,"頑","stubborn",2019-11-05 02:35:17,2019-12-27,6,1,6
66,"凡","mediocre",2019-10-31 12:56:41,2019-12-30,6,0,5
67,"負","defeat",2019-10-08 17:12:44,2019-11-29,6,0,5
68,"万","ten thousand",2019-10-13 08:24:42,2019-11-30,6,0,5
69,"句","phrase",2019-10-28 03:45:49,2019-12-19,6,0,5
70,"肌","texture",2019-10-12 13:14:05,2019-11-26,6,1,5
71,"旬","decameron",2019-10-09 14:24:13,2019-12-04,6,0,5
72,"勺","ladle",2019-10-10 02:49:55,2019-12-03,6,0,5
73,"的","bull's eye",2019-10-09 14:12:15,2019-12-08,6,1,5
74,"首","neck",2019-11-05 02:31:38,2019-12-31,6,0,5
75,"乙","fish guts",2019-11-03 03:25:37,2019-12-30,6,0,5
76,"乱","riot",2019-10-31 03:06:29,2019-12-29,6,0,5
77,"直","straightaway",2019-10-09 14:33:33,2019-11-27,6,0,5
78,"具","tool",2019-11-03 03:28:54,2019-12-24,6,0,5
79,"真","true",2019-10-08 17:12:44,2019-11-27,6,0,5
80,"工","craft",2019-10-10 02:49:18,2019-12-04,6,0,5
81,"左","left",2019-11-04 02:59:50,2020-01-02,6,0,5
82,"右","right",2019-10-09 14:14:49,2019-11-28,6,0,5
83,"有","possess",2019-11-05 03:05:43,2019-12-27,6,2,6
84,"賄","bribe",2019-11-01 03:23:27,2019-12-22,6,1,5
85,"貢","tribute",2019-11-03 03:31:35,2019-12-26,6,0,5
86,"項","paragraph",2019-10-31 03:06:29,2019-11-30,5,3,9
87,"刀","sword",2019-10-08 17:13:56,2019-11-22,6,0,5
88,"刃","blade",2019-10-08 17:21:12,2019-12-04,6,0,5
89,"切","cut",2019-11-01 03:35:13,2019-11-13,4,2,7
90,"召","seduce",2019-11-02 05:46:27,2019-12-01,5,2,7
91,"昭","shining",2019-11-01 03:23:27,2019-11-23,5,3,9
92,"則","rule",2019-10-12 13:20:10,2019-12-08,6,0,5
93,"副","vice-",2019-10-11 02:38:37,2019-12-02,6,1,5
94,"別","separate",2019-10-31 12:56:41,2019-11-26,5,2,8
95,"丁","street",2019-10-09 14:08:26,2019-11-25,6,1,5
96,"町","village",2019-10-31 12:56:41,2019-11-26,5,5,10
97,"可","can",2019-10-31 03:11:34,2019-12-23,6,0,5
98,"頂","place on the head",2019-11-06 02:29:06,2019-11-13,3,3,7
99,"子","child",2019-10-08 14:26:08,2019-11-20,5,0,4
100,"孔","cavity",2019-10-11 02:41:28,2019-12-02,6,0,5
101,"了","complete",2019-10-08 17:02:38,2019-11-22,6,1,5
102,"女","woman",2019-10-08 14:35:46,2019-11-12,5,0,4
103,"好","fond",2019-10-08 17:08:28,2019-11-30,6,0,5
104,"如","likeness",2019-10-08 16:47:16,2019-12-05,6,1,4
105,"母","mama",2019-10-12 13:16:33,2019-12-05,6,0,5
106,"貫","pierce",2019-10-08 17:08:28,2019-12-07,6,0,5
107,"兄","elder brother",2019-10-31 03:16:04,2019-12-22,6,1,6
108,"呪","curse",2019-10-08 17:10:51,2019-12-07,6,1,5
109,"克","overcome",2019-11-03 03:30:02,2019-11-28,5,1,7
110,"小","little",2019-11-02 05:47:51,2019-12-23,6,0,5
111,"少","few",2019-10-08 14:45:13,2019-11-24,6,0,5
112,"大","large",2019-10-09 14:08:26,2019-11-27,6,0,5
113,"多","many",2019-10-31 03:05:39,2019-12-26,6,0,5
114,"夕","evening",2019-10-31 03:06:29,2019-12-18,6,0,5
115,"汐","eventide",2019-11-01 03:21:01,2019-12-26,6,0,5
116,"外","outside",2019-10-09 14:10:08,2019-11-24,6,0,5
117,"名","name",2019-11-04 02:54:04,2019-12-27,6,0,5
118,"石","stone",2019-10-28 03:50:00,2019-12-26,6,0,5
119,"肖","resemblance",2019-10-08 16:44:12,2019-11-23,6,1,5
120,"硝","nitrate",2019-10-08 17:10:51,2019-11-22,6,0,5
121,"砕","smash",2019-11-04 02:59:50,2019-12-28,6,1,5
122,"砂","sand",2019-10-08 17:08:28,2019-11-29,6,1,5
123,"妬","jealous",2019-11-02 05:51:50,2019-12-19,6,1,6
124,"削","plane",2019-11-05 02:29:29,2019-11-11,3,4,7
125,"光","ray",2019-10-08 16:46:03,2019-11-30,6,0,5
126,"太","plump",2019-10-09 14:18:03,2019-11-23,6,1,5
127,"器","utensil",2019-11-04 02:50:32,2019-12-25,6,2,7
128,"臭","stinking",2019-11-01 03:35:13,2019-12-23,6,1,5
129,"嗅","sniff",2019-10-09 14:24:13,2019-11-29,6,1,5
130,"妙","exquisite",2019-10-31 03:04:34,2019-11-26,5,1,7
131,"省","focus",2019-11-04 02:49:29,2019-12-24,6,2,6
132,"厚","thick",2019-10-28 03:49:30,2019-12-22,6,1,6
133,"奇","strange",2019-10-08 17:08:28,2019-11-24,6,0,5
134,"川","stream",2019-11-03 03:31:35,2019-12-24,6,0,5
135,"州","state",2019-10-08 17:02:38,2019-11-26,6,1,5
136,"順","obey",2019-10-10 02:49:18,2019-11-27,6,1,5
137,"水","water",2019-11-05 03:05:43,2019-12-30,6,0,5
138,"氷","icicle",2019-10-31 03:05:39,2019-11-29,5,2,7
139,"永","eternity",2019-11-01 03:21:01,2019-11-26,5,1,8
140,"泉","spring",2019-10-31 03:11:34,2019-11-13,4,2,8
141,"腺","gland",2019-11-04 02:55:33,2019-11-28,5,4,8
142,"原","meadow",2019-11-09 09:31:58,2019-12-02,5,4,9
143,"願","petition",2019-11-01 03:20:10,2019-12-01,5,2,7
144,"泳","swim",2019-10-08 16:47:16,2019-11-22,6,0,5
145,"沼","marsh",2019-10-08 17:12:44,2019-11-28,6,0,5
146,"沖","open sea",2019-10-09 14:01:04,2019-11-25,6,1,4
147,"汎","pan-",2019-10-28 03:50:00,2019-12-13,6,0,5
148,"江","creek",2019-10-09 14:13:21,2019-12-05,6,1,5
149,"汰","cleanse",2019-11-07 02:53:02,2019-12-22,6,1,7
150,"汁","soup",2019-10-09 14:08:26,2019-12-07,6,0,5
151,"沙","grains of sand",2019-10-28 03:45:49,2019-12-14,6,0,5
152,"潮","tide",2019-10-08 16:58:39,2019-11-24,6,1,4
153,"源","source",2019-11-09 09:37:49,2019-11-11,2,7,10
154,"活","lively",2019-11-05 02:31:38,2019-12-26,6,0,5
155,"消","extinguish",2019-10-28 03:45:49,2019-12-28,6,0,5
156,"況","but of course",2019-11-06 02:33:01,2019-12-23,6,3,7
157,"河","river",2019-10-28 03:49:30,2019-12-14,6,1,5
158,"泊","overnight",2019-10-08 17:06:35,2019-11-22,6,0,5
159,"湖","lake",2019-10-11 02:39:51,2019-12-08,6,2,5
160,"測","fathom",2019-10-30 03:30:20,2019-12-16,6,0,5
161,"土","soil",2019-10-10 02:49:18,2019-12-06,6,0,5
162,"吐","spit",2019-10-08 17:17:50,2019-11-28,6,0,5
163,"圧","pressure",2019-10-10 02:40:08,2019-12-01,6,1,5
164,"埼","cape",2019-10-31 12:56:41,2019-12-18,6,0,5
165,"垣","hedge",2019-11-03 03:31:35,2019-12-19,6,0,5
166,"填","inlay",2019-11-04 02:59:50,2019-12-26,6,3,7
167,"圭","squared jewel",2019-10-13 08:23:29,2019-12-03,6,0,5
168,"封","seal",2019-10-31 03:08:00,2019-11-13,4,5,8
169,"涯","horizon",2019-10-09 14:10:08,2019-12-08,6,0,5
170,"寺","Buddhist temple",2019-10-09 14:25:26,2019-11-24,6,0,5
171,"時","time",2019-10-10 02:46:04,2019-12-05,6,0,5
172,"均","level",2019-11-04 02:49:29,2019-11-11,3,2,6
173,"火","fire",2019-11-03 03:26:53,2020-01-23,6,0,5
174,"炎","inflammation",2019-10-19 10:39:04,2019-11-14,5,1,6
175,"煩","anxiety",2019-10-31 03:14:19,2019-11-23,5,3,8
176,"淡","thin",2019-10-08 16:47:16,2019-11-24,6,1,5
177,"灯","lamp",2019-10-28 03:49:30,2019-12-24,6,0,5
178,"畑","farm",2019-10-31 03:03:32,2019-12-15,6,1,5
179,"災","disaster",2019-10-31 03:10:19,2019-11-27,5,3,8
180,"灰","ashes",2019-11-03 03:31:35,2019-11-25,5,1,8
181,"点","spot",2019-11-05 03:05:43,2019-12-31,6,0,5
182,"照","illuminate",2019-10-24 14:37:04,2019-11-16,5,2,7
183,"魚","fish",2019-10-08 14:35:46,2019-11-16,5,0,4
184,"漁","fishing",2019-10-09 14:25:26,2019-11-30,6,0,5
185,"里","ri",2019-11-04 02:59:50,2020-01-30,6,1,5
186,"黒","black",2019-10-08 14:45:13,2019-12-07,6,0,5
187,"墨","black ink",2019-10-08 16:37:52,2019-12-01,6,1,4
188,"鯉","carp",2019-10-30 03:30:20,2019-12-29,6,1,7
189,"量","quantity",2019-10-11 02:39:51,2019-12-09,6,0,5
190,"厘","rin",2019-10-08 17:03:49,2019-12-07,6,0,5
191,"埋","bury",2019-10-31 12:56:41,2019-11-24,5,3,8
192,"同","same",2019-10-08 17:06:35,2019-11-26,6,1,5
193,"洞","den",2019-10-08 17:21:12,2019-11-23,6,0,5
194,"胴","trunk",2019-10-10 02:40:08,2019-11-28,6,1,6
195,"向","yonder",2019-10-09 14:04:26,2019-12-04,6,0,5
196,"尚","esteem",2019-10-31 03:07:10,2019-12-21,6,0,5
197,"字","character",2019-10-28 03:47:48,2019-12-21,6,0,5
198,"守","guard",2019-11-02 05:51:02,2019-12-01,5,2,8
199,"完","perfect",2019-10-12 13:20:10,2019-12-05,6,1,5
200,"宣","proclaim",2019-10-08 16:49:14,2019-12-04,6,0,5
201,"宵","wee hours",2019-10-08 17:13:56,2019-11-22,6,1,5
202,"安","relax",2019-10-08 17:08:28,2019-11-23,6,0,5
203,"宴","banquet",2019-10-08 17:17:50,2019-11-28,6,0,5
204,"寄","draw near",2019-10-31 03:07:10,2019-11-30,5,2,7
205,"富","wealth",2019-10-08 16:58:39,2019-11-26,6,1,4
206,"貯","savings",2019-10-08 17:12:44,2019-11-24,6,0,5
207,"木","tree",2019-10-08 14:37:56,2019-11-15,5,0,4
208,"林","grove",2019-10-28 03:47:48,2019-12-17,6,0,5
209,"森","forest",2019-10-06 12:06:02,2019-11-16,5,0,4
210,"桂","Japanese Judas-tree",2019-11-06 02:26:23,2019-11-11,3,1,6
211,"柏","oak",2019-10-12 13:17:54,2019-12-01,6,0,5
212,"枠","frame",2019-11-01 03:20:10,2019-12-30,6,0,5
213,"梢","treetops",2019-11-02 05:49:43,2019-11-10,3,3,8
214,"棚","shelf",2019-11-02 05:51:02,2019-11-29,5,1,8
215,"杏","apricot",2019-10-09 14:10:08,2019-12-02,6,0,5
216,"桐","paulownia",2019-11-03 03:24:09,2019-12-31,6,0,5
217,"植","plant",2019-10-09 14:13:21,2019-12-03,6,0,5
218,"椅","chair",2019-10-10 02:49:55,2019-11-30,6,0,5
219,"枯","wither",2019-11-03 03:25:37,2019-12-01,5,1,8
220,"朴","crude",2019-11-03 03:24:09,2020-01-01,6,2,7
221,"村","town",2019-10-31 03:08:00,2019-12-31,6,2,7
222,"相","inter-",2019-10-08 16:44:12,2019-12-06,6,0,5
223,"机","desk",2019-11-03 03:28:54,2019-12-18,6,0,5
224,"本","book",2019-10-08 14:30:31,2019-11-13,5,0,4
225,"札","tag",2019-10-08 16:58:39,2019-12-04,6,0,5
226,"暦","calendar",2019-10-31 03:03:32,2019-11-15,4,4,10
227,"案","plan",2019-10-09 14:32:27,2019-12-09,6,0,5
228,"燥","parch",2019-10-09 14:32:27,2019-11-29,6,0,5
229,"未","not yet",2019-10-10 02:44:37,2019-11-26,6,0,5
230,"末","extremity",2019-10-08 17:12:44,2019-11-25,6,0,5
231,"昧","obscure",2019-10-08 16:47:16,2019-11-22,6,0,5
232,"沫","splash",2019-11-09 09:23:10,2019-11-21,4,2,8
233,"味","flavor",2019-11-04 02:55:33,2020-01-01,6,1,5
234,"妹","younger sister",2019-11-05 03:05:43,2020-01-02,6,0,5
235,"朱","vermilion",2019-11-05 02:32:53,2020-01-02,6,0,5
236,"株","stocks",2019-10-08 14:45:13,2019-11-27,6,0,5
237,"若","young",2019-10-09 14:04:26,2019-11-30,6,2,6
238,"草","grass",2019-10-09 14:16:36,2019-12-07,6,0,5
239,"苦","suffering",2019-10-31 03:11:38,2019-11-28,5,2,8
240,"苛","bullying",2019-11-03 03:30:02,2019-11-26,5,1,8
241,"寛","tolerant",2019-11-03 03:30:02,2019-11-27,5,2,8
242,"薄","dilute",2019-11-03 03:31:35,2019-12-03,5,2,8
243,"葉","leaf",2019-11-01 03:23:27,2019-12-17,6,2,6
244,"模","imitation",2019-10-30 03:28:02,2019-12-23,6,1,5
245,"漠","vague",2019-10-21 03:09:56,2019-11-16,5,1,6
246,"墓","grave",2019-11-03 03:31:35,2019-12-23,6,0,5
247,"暮","livelihood",2019-11-09 09:23:10,2019-11-14,3,2,6
248,"膜","membrane",2019-10-09 14:01:04,2019-12-05,6,0,5
249,"苗","seedling",2019-11-09 09:29:40,2019-11-15,3,1,6
250,"兆","portent",2019-10-08 16:42:42,2019-12-05,6,0,5
251,"桃","peach tree",2019-11-04 02:57:55,2019-11-11,3,2,6
252,"眺","stare",2019-10-31 03:07:10,2019-12-29,6,1,5
253,"犬","dog",2019-10-07 01:01:53,2019-11-16,5,1,5
254,"状","status quo",2019-10-08 17:14:17,2019-11-26,6,1,5
255,"黙","silence",2019-11-03 03:25:37,2019-11-27,5,3,8
256,"然","sort of thing",2019-10-08 17:13:56,2019-11-28,6,0,5
257,"荻","reed",2019-10-10 02:47:10,2019-11-28,6,1,5
258,"狩","hunt",2019-10-08 16:42:42,2019-12-03,6,2,5
259,"猫","cat",2019-10-08 17:00:26,2019-12-08,6,0,5
260,"牛","cow",2019-10-21 03:09:56,2019-12-20,6,0,5
261,"特","special",2019-10-08 17:06:35,2019-11-27,6,0,5
262,"告","revelation",2019-10-08 17:10:51,2019-11-23,6,0,5
263,"先","before",2019-10-30 03:29:04,2019-12-23,6,1,5
264,"洗","wash",2019-10-27 11:53:40,2019-11-10,4,1,7
265,"介","jammed in",2019-10-09 14:24:13,2019-12-07,6,0,5
266,"界","world",2019-11-03 03:25:37,2019-12-25,6,1,5
267,"茶","tea",2019-10-08 16:42:42,2019-12-06,6,0,5
268,"脊","spinal column",2019-11-09 09:43:17,2019-11-15,3,5,8
269,"合","fit",2019-11-04 02:57:55,2019-12-29,6,0,5
270,"塔","pagoda",2019-10-08 17:14:17,2019-11-28,6,0,5
271,"王","king",2019-10-31 03:07:10,2019-12-30,6,0,5
272,"玉","jewel",2019-11-09 09:41:38,2019-12-06,5,3,9
273,"宝","treasure",2019-11-09 09:41:38,2019-11-24,4,3,8
274,"珠","pearl",2019-10-09 14:01:04,2019-12-04,6,0,5
275,"現","present",2019-11-05 02:36:25,2019-12-01,5,2,8
276,"玩","toy",2019-10-31 12:56:41,2019-11-12,4,6,8
277,"狂","lunatic",2019-10-08 14:45:13,2019-12-02,6,0,5
278,"旺","effulgent",2019-10-09 14:04:26,2019-12-05,6,2,6
279,"皇","emperor",2019-10-08 16:37:52,2019-12-04,6,0,5
280,"呈","display",2019-11-03 03:31:35,2019-12-23,6,1,7
281,"全","whole",2019-10-08 17:00:26,2019-11-30,6,1,4
282,"栓","plug",2019-10-12 13:14:05,2019-12-12,6,1,5
283,"理","logic",2019-10-08 16:46:05,2019-12-06,6,1,5
284,"主","lord",2019-10-09 14:25:26,2019-11-27,6,0,5
285,"注","pour",2019-11-03 03:28:54,2019-12-20,6,1,5
286,"柱","pillar",2019-11-02 05:51:02,2019-11-29,5,1,7
287,"金","gold",2019-10-27 12:00:08,2019-12-24,6,0,5
288,"銑","pig iron",2019-10-08 16:42:42,2019-12-03,6,1,5
289,"鉢","bowl",2019-10-08 14:45:13,2019-11-26,6,1,5
290,"銅","copper",2019-10-08 17:08:28,2019-11-30,6,0,5
291,"釣","angling",2019-11-09 09:29:40,2019-11-16,3,3,8
292,"針","needle",2019-11-02 05:49:43,2019-12-29,6,1,5
293,"銘","inscription",2019-10-12 13:14:05,2019-12-01,6,1,5
294,"鎮","tranquillize",2019-10-09 14:33:33,2019-11-23,6,2,6
295,"道","road-way",2019-10-09 14:22:23,2019-11-24,6,1,5
296,"導","guidance",2019-10-08 17:02:38,2019-11-23,6,1,5
297,"辻","crossing",2019-10-08 17:03:49,2019-11-23,6,0,5
298,"迅","swift",2019-11-02 05:47:51,2019-11-28,5,4,7
299,"造","create",2019-10-08 16:49:14,2019-11-27,6,0,5
300,"迫","urge",2019-10-28 03:50:00,2019-12-18,6,0,5
301,"逃","escape",2019-10-31 12:56:41,2019-11-26,5,2,8
302,"辺","environs",2019-10-09 14:28:20,2019-11-26,6,0,5
303,"巡","patrol",2019-10-11 02:38:37,2019-11-27,6,0,5
304,"車","car",2019-10-08 14:43:59,2019-11-18,5,0,4
305,"連","take along",2019-10-30 03:23:02,2019-12-28,6,0,5
306,"軌","rut",2019-11-01 03:20:10,2019-11-24,5,3,7
307,"輸","transport",2019-11-05 03:05:43,2019-11-20,4,3,10
308,"喩","metaphor",2019-11-01 03:23:27,2019-11-28,5,2,7
309,"前","in front",2019-10-08 17:13:56,2019-11-29,6,0,5
310,"煎","roast",2019-10-08 17:12:44,2019-11-23,6,3,6
311,"各","each",2019-10-08 17:10:51,2019-12-02,6,0,5
312,"格","status",2019-10-30 03:23:02,2019-11-28,5,4,8
313,"賂","graft",2019-11-04 02:57:55,2019-11-19,4,4,8
314,"略","abbreviation",2019-11-01 03:22:11,2019-11-25,5,2,8
315,"客","guest",2019-11-01 03:21:01,2019-11-24,5,1,7
316,"額","forehead",2019-10-31 03:07:10,2019-11-25,5,4,9
317,"夏","summer",2019-10-11 02:37:33,2019-11-26,6,1,5
318,"処","dispose",2019-11-06 02:33:01,2019-11-21,4,6,12
319,"条","twig",2019-10-31 03:07:10,2019-11-27,5,1,8
320,"落","fall",2019-10-09 14:26:47,2019-12-08,6,1,5
321,"冗","superfluous",2019-10-27 12:15:45,2019-11-23,5,3,8
322,"冥","Hades",2019-10-30 03:30:20,2019-11-14,4,5,9
323,"軍","army",2019-10-09 14:12:15,2019-12-01,6,0,5
324,"輝","radiance",2019-11-03 03:26:53,2019-12-18,6,4,7
325,"運","carry",2019-10-27 12:11:19,2019-11-26,5,5,7
326,"冠","crown",2019-11-04 02:55:33,2019-12-19,6,2,6
327,"夢","dream",2019-10-31 03:10:19,2019-11-29,5,4,9
328,"坑","pit",2019-10-08 17:03:49,2019-11-30,6,3,5
329,"高","tall",2019-11-01 03:21:01,2019-12-31,6,0,5
330,"享","receive",2019-10-12 13:16:33,2019-12-07,6,2,5
331,"塾","cram school",2019-11-04 02:59:50,2019-12-26,6,1,5
332,"熟","mellow",2019-10-09 14:08:26,2019-12-02,6,0,5
333,"亭","pavilion",2019-10-22 02:29:01,2019-11-13,5,2,6
334,"京","capital",2019-11-02 05:46:27,2019-11-25,5,2,8
335,"涼","refreshing",2019-10-08 17:22:20,2019-11-29,6,1,5
336,"景","scenery",2019-10-08 17:00:26,2019-11-25,6,0,5
337,"鯨","whale",2019-10-08 17:10:51,2019-12-06,6,0,5
338,"舎","cottage",2019-10-09 14:18:03,2019-11-28,6,0,5
339,"周","circumference",2019-10-08 17:06:35,2019-12-08,6,0,5
340,"週","week",2019-10-09 14:12:15,2019-12-06,6,1,6
341,"士","gentleman",2019-10-08 14:41:18,2019-11-16,5,1,4
342,"吉","good luck",2019-10-08 16:44:12,2019-12-07,6,0,5
343,"壮","robust",2019-11-02 05:49:43,2019-12-02,5,3,8
344,"荘","villa",2019-11-01 03:35:13,2019-11-24,5,4,8
345,"売","sell",2019-10-09 14:01:04,2019-11-27,6,1,5
346,"学","study",2019-11-06 02:29:06,2019-11-12,3,0,2
347,"覚","memorize",2019-11-06 02:32:19,2019-11-12,3,0,2
348,"栄","flourish",2019-11-04 02:52:03,2019-11-11,3,0,2
349,"書","write",2019-11-04 02:52:03,2019-11-13,3,0,2
350,"津","haven",2019-11-05 02:36:25,2019-11-13,3,0,2
351,"牧","breed",2019-11-06 02:32:19,2019-11-12,3,0,2
352,"攻","aggression",2019-11-05 02:36:25,2019-11-13,3,0,2
353,"敗","failure",2019-11-05 02:36:25,2019-11-12,3,0,2
354,"枚","a sheet of",2019-11-04 02:57:55,2019-11-10,3,0,2
355,"故","happenstance",2019-11-04 02:52:03,2019-11-11,3,0,2
356,"敬","awe",2019-11-04 02:50:32,2019-11-13,3,1,2
357,"言","say",2019-11-04 02:55:33,2019-11-11,3,0,2
358,"警","admonish",2019-11-06 02:33:01,2019-11-15,3,1,2
359,"計","plot",2019-11-06 02:30:37,2019-11-13,3,0,2
360,"詮","elucidate",2019-11-06 02:33:01,2019-11-15,3,0,2
361,"獄","prison",2019-11-06 02:26:23,2019-11-12,3,1,2
362,"訂","revise",2019-11-06 02:30:37,2019-11-15,3,0,2
363,"訃","obituary",2019-11-09 09:21:33,2019-11-17,3,1,3
364,"討","chastise",2019-11-04 02:50:32,2019-11-11,3,0,2
365,"訓","instruction",2019-11-06 02:32:19,2019-11-12,3,0,2
366,"詔","imperial edict",2019-11-06 02:32:19,2019-11-15,3,0,2
367,"詰","packed",2019-11-09 09:33:58,2019-11-24,4,0,3
368,"話","tale",2019-11-04 02:55:33,2019-11-10,3,0,2
369,"詠","recitation",2019-11-05 02:32:53,2019-11-13,3,0,2
370,"詩","poem",2019-11-05 02:32:53,2019-11-13,3,0,2
371,"語","word",2019-11-09 09:41:38,2019-11-21,4,0,3
372,"読","read",2019-11-04 02:55:33,2019-11-11,3,0,2
373,"調","tune",2019-11-04 02:50:32,2019-11-10,3,0,2
374,"談","discuss",2019-11-04 02:52:03,2019-11-10,3,0,2
375,"諾","consent",2019-11-05 03:05:43,2019-11-13,3,0,2
376,"諭","rebuke",2019-11-05 02:32:53,2019-11-13,3,0,2
377,"式","style",2019-11-04 02:49:29,2019-11-12,3,0,2
378,"試","test",2019-11-09 09:41:38,2019-11-20,4,0,3
379,"弐","II (two)",2019-11-06 02:29:06,2019-11-14,3,1,2
380,"域","range",2019-11-09 09:23:10,2019-11-17,3,2,3
381,"賊","burglar",2019-11-09 09:43:17,2019-11-16,3,2,3
382,"栽","plantation",2019-11-06 02:26:23,2019-11-13,3,0,2
383,"載","load",2019-11-05 02:29:29,2019-11-14,3,1,2
384,"茂","overgrown",2019-11-06 02:26:23,2019-11-11,3,0,2
385,"戚","relatives",2019-11-06 02:30:37,2019-11-13,3,0,2
386,"成","turn into",2019-11-06 02:30:37,2019-11-11,3,0,2
387,"城","castle",2019-11-05 02:36:25,2019-11-10,3,0,2
388,"誠","sincerity",2019-11-05 02:37:49,2019-11-13,3,0,2
389,"威","intimidate",2019-11-09 09:43:17,2019-11-15,3,1,3
390,"滅","destroy",2019-11-09 09:28:14,2019-11-15,3,1,3
391,"減","dwindle",2019-11-05 02:31:38,2019-11-14,3,0,2
392,"蔑","revile",2019-11-04 02:54:04,2019-11-13,3,0,2
393,"桟","scaffold",2019-11-09 09:33:39,2019-11-15,3,1,3
394,"銭","coin",2019-11-05 02:32:53,2019-11-14,3,0,2
395,"浅","shallow",2019-11-06 02:29:06,2019-11-15,3,0,2
396,"止","stop",2019-11-06 02:45:49,2019-11-15,3,0,2
397,"歩","walk",2019-11-05 03:05:43,2019-11-14,3,0,2
398,"渉","ford",2019-11-07 02:57:19,2019-11-15,3,0,2
399,"頻","repeatedly",2019-11-07 03:08:53,2019-11-10,2,1,2
400,"肯","agreement",2019-11-05 03:05:43,2019-11-12,3,0,2
401,"企","undertake",2019-11-05 03:05:43,2019-11-14,3,0,2
402,"歴","curriculum",2019-11-07 03:05:51,2019-11-12,3,0,2
403,"武","warrior",2019-11-05 02:33:40,2019-11-13,3,0,2
404,"賦","levy",2019-11-07 03:07:22,2019-11-16,3,2,3
405,"正","correct",2019-11-06 02:32:19,2019-11-13,3,0,2
406,"証","evidence",2019-11-07 03:03:59,2019-11-14,3,0,2
407,"政","politics",2019-11-07 03:03:59,2019-11-15,3,0,2
408,"定","determine",2019-11-07 03:07:22,2019-11-16,3,0,2
409,"錠","lock",2019-11-07 03:08:53,2019-11-11,2,1,2
410,"走","run",2019-11-05 02:32:53,2019-11-11,3,0,2
411,"超","transcend",2019-11-05 02:31:38,2019-11-10,3,0,2
412,"赴","proceed",2019-11-05 02:33:40,2019-11-10,3,0,2
413,"越","surpass",2019-11-07 03:03:59,2019-11-14,3,1,3
414,"是","just so",2019-11-07 03:05:51,2019-11-15,3,0,2
415,"題","topic",2019-11-07 02:57:19,2019-11-14,3,0,2
416,"堤","dike",2019-11-07 03:07:22,2019-11-14,3,0,2
417,"建","build",2019-11-07 02:57:19,2019-11-15,3,0,2
418,"鍵","key",2019-11-05 02:33:40,2019-11-12,3,0,2
419,"延","prolong",2019-11-06 02:30:37,2019-11-13,3,0,2
420,"誕","nativity",2019-11-07 03:08:07,2019-11-11,2,2,2
421,"礎","cornerstone",2019-11-06 02:30:37,2019-11-13,3,0,2
422,"婿","bridegroom",2019-11-09 09:31:58,2019-11-16,3,1,2
423,"衣","garment",2019-11-07 02:59:19,2019-11-15,3,0,2
424,"裁","tailor",2019-11-07 03:05:51,2019-11-16,3,0,2
425,"装","attire",2019-11-09 09:37:49,2019-11-12,2,1,2
426,"裏","back",2019-11-07 02:59:19,2019-11-14,3,0,2
427,"壊","demolition",2019-11-09 09:43:17,2019-11-15,3,1,3
428,"哀","pathetic",2019-11-07 03:05:51,2019-11-15,3,0,2
429,"遠","distant",2019-11-09 09:37:49,2019-11-13,2,1,2
430,"猿","monkey",2019-11-09 09:44:35,2019-11-11,2,2,3
431,"初","first time",2019-11-09 09:37:49,2019-11-12,2,1,2
432,"巾","towel",2019-11-09 09:21:33,2019-11-17,3,0,2
433,"布","linen",2019-11-07 02:59:19,2019-11-14,3,0,2
434,"帆","sail",2019-11-07 03:00:51,2019-11-12,3,0,2
435,"幅","hanging scroll",2019-11-09 09:23:10,2019-11-16,3,0,2
436,"帽","cap",2019-11-06 02:33:01,2019-11-15,3,0,2
437,"幕","curtain",2019-11-09 09:31:58,2019-11-18,3,0,2
438,"幌","canopy",2019-11-09 09:37:49,2019-11-12,2,1,2
439,"錦","brocade",2019-11-09 09:18:43,2019-11-15,3,0,2
440,"市","market",2019-11-09 09:29:40,2019-11-16,3,0,2
441,"柿","persimmon",2019-11-06 02:32:19,2019-11-13,3,0,2
442,"姉","elder sister",2019-11-06 02:45:49,2019-11-13,3,0,2
443,"肺","lungs",2019-11-09 09:37:49,2019-11-11,2,1,2
444,"帯","sash",2019-11-09 09:31:58,2019-11-14,3,0,2
445,"滞","stagnate",2019-11-07 03:08:53,2019-11-11,2,1,2
446,"刺","thorn",2019-11-07 03:07:22,2019-11-15,3,0,2
447,"制","system",2019-11-07 02:59:19,2019-11-12,3,0,2
448,"製","made in...",2019-11-06 02:30:37,2019-11-14,3,0,2
449,"転","revolve",2019-11-06 02:29:06,2019-11-13,3,0,2
450,"芸","technique",2019-11-07 03:08:53,2019-11-10,2,1,2
451,"雨","rain",2019-11-07 02:59:19,2019-11-16,3,0,2
452,"雲","cloud",2019-11-09 09:33:39,2019-11-15,3,0,2
453,"曇","cloudy weather",2019-11-07 02:57:19,2019-11-14,3,0,2
454,"雷","thunder",2019-11-07 03:07:22,2019-11-14,3,0,2
455,"霜","frost",2019-11-09 09:21:33,2019-11-14,3,0,2
456,"冬","winter",2019-11-07 03:05:51,2019-11-15,3,0,2
457,"天","heavens",2019-11-09 09:33:39,2019-11-17,3,0,2
458,"妖","bewitched",2019-11-09 09:39:09,2019-11-17,3,0,2
459,"沃","irrigate",2019-11-07 02:59:19,2019-11-15,3,0,2
460,"橋","bridge",2019-11-09 09:28:14,2019-11-14,3,0,2
461,"嬌","attractive",2019-11-09 09:43:17,2019-11-18,3,0,2
462,"立","stand up",2019-11-07 02:57:19,2019-11-12,3,0,2
463,"泣","cry",2019-11-09 09:28:14,2019-11-17,3,0,2
464,"章","badge",2019-11-07 03:00:51,2019-11-14,3,0,2
465,"競","vie",2019-11-09 09:43:17,2019-11-16,3,0,2
466,"帝","sovereign",2019-11-09 09:33:39,2019-11-18,3,0,2
467,"諦","renunciation",2019-11-07 03:08:53,2019-11-11,2,1,2
468,"童","juvenile",2019-11-09 09:29:40,2019-11-18,3,0,2
469,"瞳","pupil",2019-11-09 09:29:40,2019-11-17,3,0,2
470,"鐘","bell",2019-11-09 09:21:33,2019-11-16,3,0,2
471,"商","make a deal",2019-11-07 03:07:22,2019-11-13,3,0,2
472,"嫡","legitimate wife",2019-11-09 09:31:58,2019-11-15,3,0,2
473,"適","suitable",2019-11-09 09:23:10,2019-11-17,3,0,2
474,"滴","drip",2019-11-09 09:23:10,2019-11-15,3,0,2
475,"敵","enemy",2019-11-09 09:23:10,2019-11-14,3,0,2
476,"匕","spoon",2019-11-09 09:44:35,2019-11-12,2,1,2
477,"叱","scold",2019-11-09 09:21:33,2019-11-17,3,0,2
478,"匂","aroma",2019-11-09 09:33:39,2019-11-18,3,1,3
479,"頃","about that time",2019-11-09 09:31:58,2019-11-18,3,0,2
480,"北","north",2019-11-09 09:28:14,2019-11-15,3,0,2
481,"背","stature",2019-11-09 12:39:48,2019-11-12,2,0,1
482,"比","compare",2019-11-09 12:39:48,2019-11-13,2,0,1
483,"昆","descendants",2019-11-09 12:38:54,2019-11-12,2,0,1
484,"皆","all",2019-11-09 12:39:48,2019-11-12,2,0,1
485,"楷","block letters",2019-11-09 12:38:54,2019-11-12,2,0,1
486,"諧","orderliness",2019-11-09 12:38:54,2019-11-10,2,1,0
487,"混","mix",2019-11-09 12:39:48,2019-11-12,2,0,1
488,"渇","thirst",2019-11-09 12:39:48,2019-11-12,2,0,1
489,"謁","audience",2019-11-09 12:39:48,2019-11-13,2,0,1
490,"褐","brown",2019-11-09 12:39:48,2019-11-12,2,0,1
491,"喝","hoarse",2019-11-09 12:39:48,2019-11-13,2,0,1
492,"葛","kudzu",2019-11-09 12:39:48,2019-11-12,2,0,1
493,"旨","delicious",2019-11-09 12:39:48,2019-11-11,2,0,1
494,"脂","fat",2019-11-09 12:40:45,2019-11-11,2,0,1
495,"詣","visit a shrine",2019-11-09 12:40:45,2019-11-11,2,0,1
496,"壱","I (one)",2019-11-09 12:40:45,2019-11-13,2,0,1
497,"毎","every",2019-11-09 12:40:45,2019-11-12,2,0,1
498,"敏","cleverness",2019-11-09 12:40:45,2019-11-12,2,0,1
499,"梅","plum",2019-11-09 12:40:45,2019-11-13,2,0,1
500,"海","sea",2019-10-09 14:14:49,2019-12-01,6,0,5
501,"乞","beg",2019-10-09 14:29:23,2019-11-30,6,0,5
502,"乾","drought",2019-10-08 16:46:05,2019-11-26,6,0,5
503,"腹","abdomen",2019-10-08 16:46:05,2019-11-24,6,0,5
504,"複","duplicate",2019-10-09 14:26:47,2019-11-25,6,0,5
505,"欠","lack",2019-10-10 02:38:02,2019-12-07,6,0,5
506,"吹","blow",2019-10-09 14:11:12,2019-12-04,6,0,5
507,"炊","cook",2019-11-04 02:54:04,2019-12-30,6,0,5
508,"歌","song",2019-11-05 02:38:03,2019-12-20,6,0,5
509,"軟","soft",2019-10-09 14:11:12,2019-12-05,6,1,5
510,"次","next",2019-10-31 03:02:32,2019-11-27,5,1,7
511,"茨","briar",2019-10-10 02:42:13,2019-11-30,6,0,5
512,"資","assets",2019-10-08 17:08:28,2019-11-27,6,0,5
513,"姿","figure",2019-10-09 14:04:26,2019-12-07,6,0,5
514,"諮","consult with",2019-10-31 03:04:34,2019-11-28,5,1,8
515,"賠","compensation",2019-10-09 14:28:20,2019-12-04,6,0,5
516,"培","cultivate",2019-11-05 02:38:03,2019-12-21,6,0,5
517,"剖","divide",2019-11-09 09:21:33,2019-12-02,5,5,11
518,"音","sound",2019-10-09 14:10:07,2019-11-24,6,0,5
519,"暗","darkness",2019-10-12 13:16:33,2019-11-30,6,0,5
520,"韻","rhyme",2019-10-08 17:08:28,2019-11-27,6,0,5
521,"識","discriminating",2019-10-08 17:02:38,2019-11-26,6,0,5
522,"鏡","mirror",2019-10-08 17:13:56,2019-11-27,6,0,5
523,"境","boundary",2019-11-06 01:50:10,2019-11-14,3,1,6
524,"亡","deceased",2019-10-11 02:37:33,2019-12-09,6,0,5
525,"盲","blind",2019-10-31 03:08:00,2019-11-23,5,1,7
526,"妄","delusion",2019-10-30 03:29:04,2019-12-15,6,0,5
527,"荒","laid waste",2019-10-09 14:08:26,2019-11-28,6,0,5
528,"望","ambition",2019-10-31 03:03:32,2019-11-27,5,2,8
529,"方","direction",2019-10-20 05:32:56,2019-12-14,6,0,5
530,"妨","disturb",2019-11-09 09:43:17,2019-11-20,4,3,10
531,"坊","boy",2019-10-10 02:40:08,2019-12-07,6,0,5
532,"芳","perfumed",2019-11-04 02:55:33,2019-11-26,5,1,8
533,"肪","obese",2019-10-08 17:21:12,2019-12-01,6,0,5
534,"訪","call on",2019-10-08 16:47:16,2019-12-06,6,0,5
535,"放","set free",2019-11-09 09:21:33,2019-11-21,4,2,9
536,"激","violent",2019-10-31 03:05:39,2019-11-22,5,1,8
537,"脱","undress",2019-10-09 14:18:03,2019-12-07,6,0,5
538,"説","explanation",2019-11-01 03:21:01,2019-11-24,5,1,8
539,"鋭","pointed",2019-10-09 14:08:26,2019-12-08,6,0,5
540,"曽","formerly",2019-10-09 14:03:03,2019-11-23,6,0,5
541,"増","increase",2019-10-08 17:13:56,2019-11-26,6,0,5
542,"贈","presents",2019-10-09 14:08:26,2019-12-04,6,0,5
543,"東","east",2019-10-10 02:42:13,2019-12-02,6,0,5
544,"棟","ridgepole",2019-11-01 03:33:31,2019-12-29,6,0,5
545,"凍","frozen",2019-11-01 03:21:01,2019-12-29,6,0,5
546,"妊","pregnancy",2019-10-12 13:20:10,2019-12-07,6,0,5
547,"廷","courts",2019-11-03 03:25:37,2019-12-22,6,0,5
548,"染","dye",2019-10-30 03:30:20,2019-12-20,6,0,5
549,"燃","burn",2019-10-19 10:51:49,2019-11-13,5,1,6
550,"賓","V.I.P.",2019-10-31 12:56:41,2019-11-28,5,1,7
551,"歳","year-end",2019-10-10 02:40:08,2019-12-01,6,0,5
552,"県","prefecture",2019-10-12 13:20:10,2019-12-11,6,0,5
553,"栃","horse chestnut",2019-10-28 03:50:00,2019-11-19,5,2,7
554,"地","ground",2019-10-30 03:29:04,2019-11-14,4,3,7
555,"池","pond",2019-10-09 14:29:23,2019-12-01,6,0,5
556,"虫","insect",2019-10-09 14:14:49,2019-11-24,6,0,5
557,"蛍","lightning bug",2019-10-08 17:21:12,2019-11-30,6,0,5
558,"蛇","snake",2019-11-01 03:22:11,2019-12-25,6,0,5
559,"虹","rainbow",2019-11-07 03:07:22,2019-11-13,3,3,9
560,"蝶","butterfly",2019-10-11 02:38:37,2019-11-26,6,0,5
561,"独","single",2019-10-08 16:46:05,2019-11-22,6,0,5
562,"蚕","silkworm",2019-10-31 03:16:15,2019-12-29,6,0,5
563,"風","wind",2019-11-05 02:32:53,2019-12-24,6,1,5
564,"己","self",2019-10-31 03:02:32,2019-12-29,6,1,5
565,"起","rouse",2019-10-08 16:46:06,2019-11-23,6,0,5
566,"妃","queen",2019-10-08 16:58:39,2019-11-26,6,0,5
567,"改","reformation",2019-10-09 14:18:02,2019-11-28,6,0,5
568,"記","scribe",2019-11-05 02:36:25,2019-12-26,6,0,5
569,"包","wrap",2019-11-02 05:46:27,2019-11-28,5,1,7
570,"胞","placenta",2019-10-08 17:06:35,2019-12-04,6,0,5
571,"砲","cannon",2019-10-08 16:44:12,2019-11-28,6,0,5
572,"泡","bubble",2019-10-09 14:03:03,2019-11-29,6,0,5
573,"亀","tortoise",2019-11-09 09:31:58,2019-12-06,5,1,8
574,"電","electricity",2019-10-08 16:47:16,2019-11-27,6,0,5
575,"竜","dragon",2019-10-28 03:47:48,2019-12-28,6,0,5
576,"滝","waterfall",2019-10-09 14:14:49,2019-11-30,6,0,5
577,"豚","pork",2019-11-02 05:47:51,2019-12-28,6,0,5
578,"逐","pursue",2019-10-31 03:11:34,2019-11-22,5,1,7
579,"遂","consummate",2019-10-30 03:29:04,2019-12-22,6,0,5
580,"家","house",2019-10-31 03:02:32,2019-12-30,6,0,5
581,"嫁","marry into",2019-10-31 03:14:19,2019-11-23,5,1,7
582,"豪","overpowering",2019-10-09 14:12:15,2019-12-01,6,0,5
583,"腸","intestines",2019-10-10 02:47:10,2019-12-01,6,0,5
584,"場","location",2019-11-03 03:31:35,2019-12-28,6,0,5
585,"湯","hot water",2019-10-09 14:13:21,2019-11-29,6,0,5
586,"羊","sheep",2019-10-06 13:04:57,2019-11-11,5,0,4
587,"美","beauty",2019-10-11 02:42:14,2019-12-06,6,0,5
588,"洋","ocean",2019-11-03 03:31:35,2019-12-27,6,0,5
589,"詳","detailed",2019-10-09 14:10:07,2019-12-03,6,0,5
590,"鮮","fresh",2019-10-12 13:12:47,2019-12-02,6,0,5
591,"達","accomplished",2019-10-12 13:14:05,2019-12-12,6,0,5
592,"羨","envious",2019-10-08 14:45:13,2019-11-23,6,1,4
593,"差","distinction",2019-10-08 14:45:13,2019-12-04,6,0,5
594,"着","don",2019-10-31 03:05:39,2019-11-25,5,1,7
595,"唯","solely",2019-10-10 02:47:10,2019-11-27,6,0,5
596,"堆","piled high",2019-10-09 14:04:26,2019-11-28,6,0,5
597,"椎","sweet oak",2019-10-09 14:13:21,2019-12-04,6,0,5
598,"誰","who?",2019-11-03 03:30:02,2020-01-03,6,1,7
599,"焦","char",2019-10-12 13:20:10,2019-12-09,6,0,5
600,"礁","reef",2019-10-28 03:47:48,2019-12-22,6,0,5
601,"集","gather",2019-10-12 13:16:33,2019-12-05,6,0,5
602,"准","quasi-",2019-10-11 02:38:37,2019-11-28,6,0,5
603,"進","advance",2019-10-09 14:03:03,2019-12-02,6,0,5
604,"雑","miscellaneous",2019-11-03 03:25:37,2019-11-26,5,1,7
605,"雌","female",2019-11-01 03:22:11,2019-11-24,5,1,8
606,"準","semi-",2019-10-12 13:14:05,2019-11-28,6,0,5
607,"奮","stirred up",2019-11-04 02:50:32,2019-12-04,5,2,8
608,"奪","rob",2019-10-08 17:02:38,2019-11-22,6,0,5
609,"確","assurance",2019-10-30 03:30:20,2019-12-22,6,0,5
610,"午","noon",2019-10-09 14:32:27,2019-12-08,6,0,5
611,"許","permit",2019-10-09 14:29:23,2019-12-01,6,0,5
612,"歓","delight",2019-10-09 14:29:23,2019-12-03,6,0,5
613,"権","authority",2019-11-09 09:29:40,2019-11-17,3,1,6
614,"観","outlook",2019-10-09 14:03:03,2019-12-05,6,0,5
615,"羽","feathers",2019-11-03 03:26:53,2019-12-20,6,0,5
616,"習","learn",2019-10-08 17:21:12,2019-11-25,6,0,5
617,"翌","the following",2019-10-09 14:33:33,2019-12-02,6,0,5
618,"曜","weekday",2019-10-09 14:18:05,2019-12-09,6,0,5
619,"濯","laundry",2019-10-31 12:56:41,2019-12-28,6,0,5
620,"曰","sayeth",2019-11-05 02:31:38,2020-01-23,6,0,5
621,"困","quandary",2019-10-09 14:24:13,2019-11-25,6,0,5
622,"固","harden",2019-10-09 14:01:04,2019-11-26,6,0,5
623,"錮","weld",2019-10-10 02:47:10,2019-11-26,6,0,5
624,"国","country",2019-10-06 12:01:32,2019-11-15,5,0,4
625,"団","group",2019-10-09 14:10:08,2019-12-06,6,0,5
626,"因","cause",2019-10-31 03:14:19,2019-12-25,6,0,5
627,"姻","matrimony",2019-10-08 17:06:35,2019-11-25,6,0,5
628,"咽","windpipe",2019-11-03 03:28:54,2019-12-30,6,0,5
629,"園","park",2019-10-09 14:03:03,2019-11-26,6,0,5
630,"回","-times",2019-10-08 17:00:26,2019-11-22,6,0,5
631,"壇","podium",2019-10-31 03:16:04,2019-11-11,4,2,9
632,"店","store",2019-10-08 17:10:51,2019-12-05,6,0,5
633,"庫","warehouse",2019-10-09 14:29:23,2019-12-03,6,1,5
634,"庭","courtyard",2019-11-02 05:51:50,2019-11-30,5,1,8
635,"庁","government office",2019-10-09 14:01:04,2019-12-02,6,0,5
636,"床","bed",2019-10-08 17:13:56,2019-11-24,6,0,5
637,"麻","hemp",2019-10-20 05:35:04,2019-11-11,5,2,8
638,"磨","grind",2019-10-27 12:12:44,2019-11-20,5,1,7
639,"心","heart",2019-10-22 02:29:01,2019-12-11,6,0,5
640,"忘","forget",2019-10-10 02:44:37,2019-12-07,6,0,5
641,"恣","selfish",2019-10-09 14:16:36,2019-12-03,6,0,5
642,"忍","endure",2019-10-09 14:01:04,2019-11-25,6,0,5
643,"認","acknowledge",2019-10-09 14:16:36,2019-12-08,6,0,5
644,"忌","mourning",2019-11-05 02:36:25,2020-01-02,6,0,5
645,"志","intention",2019-11-09 09:28:14,2019-11-18,3,2,7
646,"誌","document",2019-10-11 02:38:37,2019-12-04,6,0,5
647,"芯","wick",2019-10-11 02:39:51,2019-11-30,6,0,5
648,"忠","loyalty",2019-10-28 03:49:30,2019-12-25,6,0,5
649,"串","shish kebab",2019-10-08 14:35:46,2019-11-13,5,0,4
650,"患","afflicted",2019-11-01 03:35:13,2019-12-31,6,0,5
651,"思","think",2019-11-02 05:46:27,2019-12-30,6,0,5
652,"恩","grace",2019-11-07 03:07:22,2019-11-16,3,1,6
653,"応","apply",2019-10-30 03:29:04,2019-12-18,6,0,5
654,"意","idea",2019-11-04 02:54:04,2019-11-12,3,2,8
655,"臆","cowardice",2019-10-11 02:41:28,2019-12-01,6,0,5
656,"想","concept",2019-11-09 09:21:33,2019-11-14,3,2,6
657,"息","breath",2019-10-12 13:17:54,2019-12-06,6,0,5
658,"憩","recess",2019-10-31 03:02:32,2019-11-28,5,1,8
659,"恵","favor",2019-10-31 03:08:00,2019-11-30,5,2,8
660,"恐","fear",2019-10-31 03:03:32,2019-12-21,6,1,6
661,"惑","beguile",2019-11-01 03:21:01,2019-11-27,5,2,8
662,"感","emotion",2019-11-02 05:51:02,2019-12-29,6,0,5
663,"憂","melancholy",2019-11-09 09:28:14,2019-11-23,4,4,7
664,"寡","widow",2019-10-27 11:53:40,2019-11-10,4,1,7
665,"忙","busy",2019-10-30 03:30:20,2019-12-18,6,0,5
666,"悦","ecstasy",2019-10-09 14:32:27,2019-11-28,6,0,5
667,"恒","constancy",2019-11-05 02:37:49,2019-12-29,6,0,5
668,"悼","lament",2019-10-30 03:23:02,2019-12-14,6,0,5
669,"悟","enlightenment",2019-10-10 02:44:37,2019-11-25,6,0,5
670,"怖","dreadful",2019-10-08 14:45:13,2019-12-01,6,0,5
671,"慌","disconcerted",2019-10-09 14:33:33,2019-12-03,6,0,5
672,"悔","repent",2019-10-28 03:47:48,2019-12-16,6,0,5
673,"憎","hate",2019-11-03 03:28:54,2019-11-28,5,2,8
674,"慣","accustomed",2019-10-10 02:44:37,2019-11-24,6,0,5
675,"愉","pleasure",2019-10-09 14:12:15,2019-11-30,6,0,5
676,"惰","lazy",2019-10-08 16:49:14,2019-11-30,6,0,5
677,"慎","humility",2019-10-31 03:11:34,2019-11-24,5,1,7
678,"憾","remorse",2019-10-08 17:13:56,2019-12-06,6,0,5
679,"憶","recollection",2019-11-04 02:52:03,2019-12-30,6,0,5
680,"惧","disquieting",2019-10-08 16:46:05,2019-11-22,6,0,5
681,"憧","yearn",2019-10-08 17:22:20,2019-12-02,6,0,5
682,"憬","hanker",2019-11-05 02:33:40,2019-12-20,6,0,5
683,"慕","pining",2019-10-31 03:05:39,2019-11-22,5,2,8
684,"添","annexed",2019-11-07 02:57:19,2019-12-03,5,6,9
685,"必","invariably",2019-10-31 03:05:39,2019-12-26,6,0,5
686,"泌","ooze",2019-10-08 14:30:31,2019-11-20,5,0,4
687,"手","hand",2019-10-08 14:28:15,2019-11-14,5,0,4
688,"看","watch over",2019-10-08 17:22:20,2019-11-30,6,0,5
689,"摩","chafe",2019-10-21 03:09:56,2019-11-16,5,1,7
690,"我","ego",2019-11-01 03:35:13,2019-11-28,5,2,7
691,"義","righteousness",2019-10-11 02:39:51,2019-11-26,6,0,5
692,"議","deliberation",2019-10-08 16:58:39,2019-11-29,6,0,5
693,"犠","sacrifice",2019-10-08 17:14:17,2019-11-29,6,0,5
694,"抹","rub",2019-10-12 13:14:05,2019-12-05,6,0,5
695,"拭","wipe",2019-11-02 05:46:27,2019-11-28,5,3,9
696,"拉","yank",2019-11-02 05:51:50,2019-12-20,6,0,5
697,"抱","embrace",2019-10-08 17:03:49,2019-12-08,6,0,5
698,"搭","board",2019-10-08 16:58:39,2019-11-28,6,0,5
699,"抄","extract",2019-10-08 17:21:12,2019-11-23,6,0,5
700,"抗","confront",2019-10-08 16:42:42,2019-11-30,6,0,5
701,"批","criticism",2019-10-31 03:11:34,2019-11-25,5,1,7
702,"招","beckon",2019-10-08 14:45:13,2019-12-04,6,0,5
703,"拓","clear the land",2019-10-09 14:33:33,2019-12-04,6,0,5
704,"拍","clap",2019-10-30 03:28:02,2019-12-18,6,0,5
705,"打","strike",2019-10-08 17:06:35,2019-11-22,6,0,5
706,"拘","arrest",2019-11-05 02:38:03,2020-01-05,6,0,5
707,"捨","discard",2019-10-10 02:42:13,2019-11-24,6,0,5
708,"拐","kidnap",2019-10-09 14:01:04,2019-12-07,6,0,5
709,"摘","pinch",2019-11-02 05:49:43,2019-11-30,5,1,7
710,"挑","challenge",2019-11-05 02:33:40,2020-01-03,6,0,5
711,"指","finger",2019-10-30 03:30:20,2019-12-20,6,1,6
712,"持","hold",2019-11-05 02:38:03,2020-01-01,6,0,5
713,"拶","imminent",2019-10-09 14:12:15,2019-12-03,6,0,5
714,"括","fasten",2019-10-11 02:37:33,2019-11-27,6,1,5
715,"揮","brandish",2019-10-08 17:13:56,2019-11-28,6,0,5
716,"推","conjecture",2019-10-31 03:04:34,2019-11-24,5,1,8
717,"揚","hoist",2019-10-27 12:12:44,2019-11-20,5,1,7
718,"提","propose",2019-11-05 02:31:38,2019-11-12,3,3,8
719,"損","damage",2019-10-08 17:10:51,2019-11-30,6,0,5
720,"拾","pick up",2019-10-19 10:46:37,2019-11-10,5,1,7
721,"担","shouldering",2019-10-08 17:22:20,2019-12-03,6,0,5
722,"拠","foothold",2019-11-02 05:51:02,2019-11-29,5,1,8
723,"描","sketch",2019-10-09 14:03:03,2019-11-29,6,0,5
724,"操","maneuver",2019-10-10 02:44:37,2019-11-28,6,0,5
725,"接","touch",2019-10-09 14:04:26,2019-11-27,6,0,5
726,"掲","put up a notice",2019-10-20 05:32:56,2019-11-17,5,1,5
727,"掛","hang",2019-10-31 03:06:29,2019-11-25,5,4,8
728,"捗","make headway",2019-11-09 09:23:10,2019-11-20,4,5,11
729,"研","polish",2019-10-08 16:49:14,2019-11-22,6,0,5
730,"戒","commandment",2019-10-08 17:12:44,2019-11-27,6,0,5
731,"弄","tinker with",2019-10-08 17:03:49,2019-11-27,6,0,5
732,"械","contraption",2019-11-01 03:23:27,2019-11-27,5,1,7
733,"鼻","nose",2019-10-09 14:32:27,2019-12-07,6,0,5
734,"刑","punish",2019-10-08 16:49:14,2019-11-25,6,0,5
735,"型","mould",2019-10-09 14:25:26,2019-12-06,6,0,5
736,"才","genius",2019-10-09 14:08:26,2019-11-25,6,0,5
737,"財","property",2019-10-08 17:06:35,2019-12-08,6,0,5
738,"材","lumber",2019-10-08 16:47:16,2019-11-25,6,0,5
739,"存","suppose",2019-10-09 14:26:47,2019-12-02,6,0,5
740,"在","exist",2019-10-28 03:47:48,2019-12-15,6,0,5
741,"乃","from",2019-10-08 17:06:35,2019-11-24,6,0,5
742,"携","portable",2019-10-08 17:03:49,2019-12-06,6,0,5
743,"及","reach out",2019-10-31 03:08:00,2019-11-28,5,1,8
744,"吸","suck",2019-11-03 03:26:53,2019-11-26,5,1,8
745,"扱","handle",2019-10-12 13:17:54,2019-12-07,6,0,5
746,"丈","length",2019-10-08 16:49:14,2019-12-01,6,0,5
747,"史","history",2019-10-08 16:44:12,2019-11-26,6,0,5
748,"吏","officer",2019-10-12 13:17:54,2019-11-29,6,1,5
749,"更","grow late",2019-10-08 16:46:06,2019-12-01,6,0,5
750,"硬","stiff",2019-10-09 14:11:12,2019-11-24,6,0,5
751,"梗","spiny",2019-10-10 02:38:02,2019-12-08,6,0,5
752,"又","or again",2019-11-03 03:26:53,2019-12-03,5,4,8
753,"双","pair",2019-11-03 03:31:35,2020-01-01,6,0,5
754,"桑","mulberry",2019-10-09 14:10:07,2019-12-07,6,0,5
755,"隻","vessels",2019-10-31 03:03:32,2019-11-25,5,2,7
756,"護","safeguard",2019-10-27 12:15:45,2019-11-26,5,2,8
757,"獲","seize",2019-10-10 02:42:13,2019-11-25,6,0,5
758,"奴","guy",2019-10-08 17:21:12,2019-11-23,6,0,5
759,"怒","angry",2019-11-05 02:36:25,2019-12-26,6,2,7
760,"友","friend",2019-10-08 17:10:51,2019-11-30,6,0,5
761,"抜","slip out",2019-10-08 16:49:14,2019-11-24,6,0,5
762,"投","throw",2019-10-08 17:08:28,2019-12-01,6,0,5
763,"没","drown",2019-10-09 14:33:33,2019-11-30,6,0,5
764,"股","thigh",2019-11-01 03:22:11,2019-12-18,6,0,5
765,"設","establishment",2019-11-01 03:33:31,2020-01-01,6,0,5
766,"撃","beat",2019-10-27 12:14:20,2019-11-24,5,1,7
767,"殻","husk",2019-11-06 02:45:49,2019-11-14,3,3,9
768,"支","branch",2019-11-01 03:22:11,2019-11-23,5,1,7
769,"技","skill",2019-11-03 03:26:53,2019-12-22,6,0,5
770,"枝","bough",2019-10-09 14:14:49,2019-12-01,6,0,5
771,"肢","limb",2019-10-09 14:28:20,2019-12-06,6,0,5
772,"茎","stalk",2019-10-10 02:44:37,2019-12-08,6,0,5
773,"怪","suspicious",2019-10-09 14:03:03,2019-11-25,6,0,5
774,"軽","lightly",2019-11-05 02:31:38,2019-11-20,4,2,7
775,"叔","uncle",2019-11-05 02:37:49,2020-01-02,6,1,6
776,"督","coach",2019-11-04 02:54:04,2019-11-26,5,1,8
777,"寂","loneliness",2019-10-21 03:09:56,2019-11-13,5,1,6
778,"淑","graceful",2019-10-27 12:11:19,2019-11-24,5,2,8
779,"反","anti-",2019-10-08 16:49:14,2019-11-27,6,0,5
780,"坂","slope",2019-10-08 17:06:35,2019-12-08,6,0,5
781,"板","plank",2019-10-09 14:24:13,2019-12-05,6,0,5
782,"返","return",2019-11-02 05:51:02,2019-11-29,5,2,9
783,"販","marketing",2019-10-09 14:32:27,2019-12-04,6,0,5
784,"爪","claw",2019-11-01 03:21:01,2019-12-22,6,0,5
785,"妥","gentle",2019-10-22 02:25:32,2019-11-13,5,1,7
786,"乳","milk",2019-10-08 16:44:12,2019-12-03,6,0,5
787,"浮","floating",2019-10-08 17:12:44,2019-11-22,6,0,5
788,"淫","lewd",2019-11-06 02:26:23,2019-11-13,3,2,8
789,"将","leader",2019-11-03 03:31:35,2019-12-01,5,3,9
790,"奨","exhort",2019-10-08 17:12:44,2019-12-04,6,0,5
791,"采","grab",2019-11-04 02:59:50,2020-01-02,6,1,7
792,"採","pick",2019-11-07 03:00:51,2019-11-15,3,2,8
793,"菜","vegetable",2019-10-30 03:28:02,2019-12-14,6,0,5
794,"受","accept",2019-11-02 05:51:50,2019-11-30,5,1,8
795,"授","impart",2019-10-08 17:03:49,2019-11-25,6,0,5
796,"愛","love",2019-10-09 14:33:33,2019-11-27,6,0,5
797,"曖","unclear",2019-10-09 14:13:21,2019-11-24,6,0,5
798,"払","pay",2019-10-28 03:47:48,2019-12-19,6,0,5
799,"広","wide",2019-10-30 03:28:02,2019-12-15,6,0,5
800,"勾","hooked",2019-11-06 02:45:49,2020-01-03,6,1,7
801,"拡","broaden",2019-11-04 02:55:33,2020-01-02,6,0,5
802,"鉱","mineral",2019-10-27 12:11:19,2019-11-26,5,1,7
803,"弁","valve",2019-10-27 12:15:45,2019-11-21,5,2,8
804,"雄","male",2019-11-01 03:35:13,2019-11-29,5,2,8
805,"台","pedestal",2019-10-08 17:08:28,2019-11-28,6,0,5
806,"怠","neglect",2019-10-31 03:14:19,2019-11-26,5,1,7
807,"治","reign",2019-10-09 14:08:26,2019-11-25,6,0,5
808,"冶","metallurgy",2019-10-09 14:28:20,2019-11-25,6,0,5
809,"始","commence",2019-10-12 13:17:54,2019-11-27,6,0,5
810,"胎","womb",2019-10-08 16:46:05,2019-11-25,6,0,5
811,"窓","window",2019-10-31 12:56:41,2019-11-28,5,1,8
812,"去","gone",2019-10-30 03:29:04,2019-12-14,6,0,5
813,"法","method",2019-10-31 03:11:34,2019-12-26,6,0,5
814,"会","meeting",2019-10-09 14:18:03,2019-11-30,6,0,5
815,"至","climax",2019-10-10 02:38:02,2019-12-05,6,0,5
816,"室","room",2019-11-03 03:31:35,2019-12-24,6,0,5
817,"到","arrival",2019-10-08 17:00:26,2019-11-28,6,0,5
818,"致","doth",2019-11-04 02:54:04,2019-11-16,4,1,4
819,"互","mutually",2019-10-09 14:26:47,2019-11-28,6,0,5
820,"棄","abandon",2019-11-04 02:54:04,2019-11-30,5,1,8
821,"育","bring up",2019-10-08 17:10:51,2019-11-25,6,0,5
822,"撤","remove",2019-11-04 02:59:50,2019-11-12,3,2,7
823,"充","allot",2019-11-03 03:26:53,2019-12-28,6,1,6
824,"銃","gun",2019-10-28 03:49:30,2019-11-11,4,3,8
825,"硫","sulfur",2019-10-31 03:04:34,2019-11-26,5,2,8
826,"流","current",2019-10-09 14:14:49,2019-11-24,6,0,5
827,"允","license",2019-10-13 08:23:29,2019-11-28,6,0,5
828,"唆","tempt",2019-11-06 02:32:19,2019-11-11,3,2,9
829,"出","exit",2019-10-31 03:06:29,2019-12-31,6,0,5
830,"山","mountain",2019-10-08 14:31:42,2019-11-18,5,0,4
831,"拙","bungling",2019-10-31 03:05:39,2019-11-24,5,1,8
832,"岩","boulder",2019-10-08 16:47:16,2019-11-27,6,0,5
833,"炭","charcoal",2019-11-09 09:29:40,2019-11-21,4,3,10
834,"岐","branch off",2019-10-13 08:23:29,2019-12-06,6,0,5
835,"峠","mountain pass",2019-10-09 14:25:26,2019-11-27,6,0,5
836,"崩","crumble",2019-10-08 16:49:14,2019-11-23,6,0,5
837,"密","secrecy",2019-11-07 03:05:51,2019-12-02,5,2,9
838,"蜜","honey",2019-10-09 14:11:11,2019-11-29,6,0,5
839,"嵐","storm",2019-11-03 03:28:54,2020-01-02,6,0,5
840,"崎","promontory",2019-10-09 14:28:20,2019-12-02,6,0,5
841,"崖","bluffs",2019-11-02 05:47:51,2019-11-11,3,2,9
842,"入","enter",2019-10-31 03:03:32,2019-12-18,6,0,5
843,"込","crowded",2019-10-08 17:21:12,2019-12-02,6,0,5
844,"分","part",2019-11-03 03:30:02,2019-12-27,6,0,5
845,"貧","poverty",2019-10-30 03:30:20,2019-12-30,6,0,5
846,"頒","partition",2019-10-09 14:33:33,2019-11-28,6,0,5
847,"公","public",2019-10-28 03:49:30,2019-12-22,6,0,5
848,"松","pine tree",2019-10-11 02:38:37,2019-12-10,6,0,5
849,"翁","venerable old man",2019-10-08 16:42:42,2019-11-30,6,0,5
850,"訟","sue",2019-10-08 16:44:12,2019-12-06,6,0,5
851,"谷","valley",2019-10-08 16:42:42,2019-11-25,6,0,5
852,"浴","bathe",2019-10-08 16:47:16,2019-11-30,6,0,5
853,"容","contain",2019-10-08 17:21:12,2019-12-07,6,0,5
854,"溶","melt",2019-10-08 17:17:50,2019-12-06,6,0,5
855,"欲","longing",2019-10-10 02:42:13,2019-11-24,6,1,6
856,"裕","abundant",2019-10-31 12:56:41,2019-11-24,5,3,8
857,"鉛","lead (metal)",2019-10-08 16:46:05,2019-11-22,6,0,5
858,"沿","run alongside",2019-10-09 14:28:20,2019-11-26,6,0,5
859,"賞","prize",2019-11-04 02:52:03,2019-11-29,5,1,8
860,"党","party",2019-11-01 03:22:11,2019-11-29,5,1,8
861,"堂","hall",2019-11-02 05:49:43,2019-12-02,5,1,8
862,"常","usual",2019-11-02 05:47:51,2019-12-17,6,0,5
863,"裳","skirt",2019-10-31 12:54:45,2019-11-22,5,1,7
864,"掌","manipulate",2019-10-08 17:03:49,2019-11-22,6,0,5
865,"皮","pelt",2019-10-13 08:23:29,2019-12-10,6,0,5
866,"波","waves",2019-10-09 14:12:15,2019-12-02,6,0,5
867,"婆","old woman",2019-10-31 03:12:35,2019-12-27,6,1,6
868,"披","expose",2019-10-31 03:06:29,2019-11-28,5,2,8
869,"破","rend",2019-10-09 13:59:22,2019-11-26,6,0,5
870,"被","incur",2019-11-09 09:41:38,2019-12-01,5,3,10
871,"残","remainder",2019-11-01 03:23:27,2019-11-26,5,2,7
872,"殉","martyrdom",2019-10-27 12:12:44,2019-11-11,4,4,6
873,"殊","particularly",2019-10-21 03:09:56,2019-11-19,5,1,7
874,"殖","augment",2019-11-01 03:35:13,2019-11-25,5,1,8
875,"列","file",2019-10-09 14:12:15,2019-12-02,6,0,5
876,"裂","split",2019-10-31 03:02:32,2019-12-18,6,1,6
877,"烈","ardent",2019-11-04 02:57:55,2019-11-10,3,2,9
878,"死","death",2019-10-08 16:42:42,2019-12-08,6,0,5
879,"葬","interment",2019-11-03 03:30:02,2019-11-30,5,1,7
880,"瞬","wink",2019-11-07 03:07:22,2019-11-11,2,5,8
881,"耳","ear",2019-10-10 02:38:02,2019-12-04,6,0,5
882,"取","take",2019-11-09 09:29:40,2019-12-08,5,3,9
883,"趣","gist",2019-11-02 05:49:43,2019-11-29,5,2,8
884,"最","utmost",2019-10-08 14:45:13,2019-12-01,6,1,5
885,"撮","snapshot",2019-11-09 09:33:58,2019-11-21,4,2,9
886,"恥","shame",2019-11-06 02:33:01,2019-12-22,6,1,6
887,"職","post",2019-11-07 03:03:59,2019-11-22,4,4,9
888,"聖","holy",2019-10-08 17:14:17,2019-11-30,6,0,5
889,"敢","daring",2019-11-09 09:33:39,2019-11-21,4,3,10
890,"聴","listen",2019-11-03 03:28:54,2019-12-01,5,3,8
891,"懐","pocket",2019-10-31 03:16:04,2019-11-25,5,4,7
892,"慢","ridicule",2019-11-01 03:23:27,2019-11-29,5,4,8
893,"漫","loose",2019-10-31 03:12:35,2019-11-29,5,3,7
894,"買","buy",2019-11-03 03:25:37,2019-12-25,6,0,5
895,"置","placement",2019-11-04 02:57:55,2019-11-10,3,4,10
896,"罰","penalty",2019-11-05 02:31:38,2019-12-03,5,1,7
897,"寧","rather",2019-10-31 03:04:34,2019-11-14,4,5,9
898,"濁","voiced",2019-11-05 02:32:53,2019-11-12,3,2,8
899,"環","ring",2019-11-07 03:05:51,2019-11-20,4,3,7
900,"還","send back",2019-11-04 02:52:03,2019-11-15,4,3,9
901,"夫","husband",2019-11-01 03:33:31,2019-12-30,6,0,5
902,"扶","aid",2019-11-01 03:35:13,2019-11-24,5,2,8
903,"渓","mountain stream",2019-10-27 11:57:29,2019-11-19,5,1,5
904,"規","standard",2019-10-31 03:08:00,2019-11-25,5,2,8
905,"替","exchange",2019-10-10 02:36:51,2019-12-06,6,0,5
906,"賛","approve",2019-11-07 02:57:19,2019-12-04,5,3,8
907,"潜","submerge",2019-11-06 02:45:49,2019-11-12,3,2,8
908,"失","lose",2019-11-09 09:33:58,2019-12-05,5,4,10
909,"鉄","iron",2019-10-10 02:47:10,2019-11-30,6,0,5
910,"迭","alternate",2019-10-31 03:03:32,2019-11-29,5,1,7
911,"臣","retainer",2019-10-31 03:02:32,2019-12-25,6,0,5
912,"姫","princess",2019-10-31 03:04:34,2019-12-26,6,0,5
913,"蔵","storehouse",2019-11-02 05:49:43,2019-11-26,5,1,7
914,"臓","entrails",2019-11-02 05:47:51,2019-11-27,5,1,5
915,"賢","intelligent",2019-11-02 05:44:38,2019-11-11,3,5,10
916,"腎","kidney",2019-10-31 03:07:10,2019-11-13,4,4,9
917,"堅","strict",2019-11-07 02:59:19,2019-11-16,3,4,10
918,"臨","look to",2019-11-02 05:46:27,2019-11-28,5,3,7
919,"覧","perusal",2019-11-05 02:33:40,2019-11-14,3,4,9
920,"巨","gigantic",2019-11-05 02:31:38,2019-12-24,6,0,5
921,"拒","repel",2019-10-11 02:39:51,2019-11-26,6,0,5
922,"力","power",2019-11-03 03:30:02,2019-12-31,6,0,5
923,"男","man",2019-11-01 03:35:13,2019-12-16,6,0,5
924,"労","labor",2019-10-31 03:06:29,2019-11-22,5,1,7
925,"募","recruit",2019-10-31 12:54:45,2019-11-23,5,1,7
926,"劣","inferiority",2019-10-30 03:29:04,2019-11-28,5,2,7
927,"功","achievement",2019-11-05 02:37:49,2019-11-16,4,3,9
928,"勧","persuade",2019-11-01 03:35:13,2019-11-25,5,1,7
929,"努","toil",2019-11-09 09:39:09,2019-11-21,4,5,10
930,"勃","uprising",2019-10-27 12:12:44,2019-11-10,4,3,8
931,"励","encourage",2019-10-27 12:15:45,2019-11-11,4,1,4
932,"加","add",2019-11-09 09:33:58,2019-12-08,5,0,4
933,"賀","congratulations",2019-11-09 09:43:17,2019-12-08,5,1,5
934,"架","erect",2019-10-28 03:49:30,2019-11-10,4,0,3
935,"脇","armpit",2019-10-28 03:50:00,2019-11-12,4,0,3
936,"脅","threaten",2019-11-02 05:46:27,2019-11-10,3,4,5
937,"協","co-",2019-11-07 02:59:19,2019-11-21,4,2,5
938,"行","going",2019-11-07 03:03:59,2019-12-07,5,0,4
939,"律","rhythm",2019-11-09 09:43:17,2019-12-05,5,0,4
940,"復","restore",2019-10-28 03:49:30,2019-11-10,4,0,3
941,"得","gain",2019-11-09 09:39:09,2019-11-21,4,4,6
942,"従","accompany",2019-11-09 09:28:14,2019-11-22,4,2,5
943,"徒","junior",2019-10-28 03:49:30,2019-11-11,4,1,4
944,"待","wait",2019-11-04 02:59:50,2019-11-18,4,1,4
945,"往","journey",2019-11-09 09:21:33,2019-11-24,4,2,5
946,"征","subjugate",2019-10-31 03:00:44,2019-11-12,4,1,4
947,"径","diameter",2019-11-05 02:37:49,2019-11-18,4,1,4
948,"彼","he",2019-11-07 03:03:59,2019-12-03,5,1,5
949,"役","duty",2019-11-09 09:37:49,2019-11-13,2,3,5
950,"徳","benevolence",2019-11-09 09:44:35,2019-11-11,2,4,6
951,"徹","penetrate",2019-11-06 02:32:19,2019-11-21,4,2,6
952,"徴","indications",2019-10-30 03:30:20,2019-11-13,4,1,4
953,"懲","penal",2019-11-05 02:35:17,2019-11-11,3,3,5
954,"微","delicate",2019-11-09 09:37:49,2019-11-12,2,4,6
955,"街","boulevard",2019-11-09 09:18:43,2019-11-21,4,2,6
956,"桁","girder",2019-11-07 02:53:02,2019-11-12,3,2,5
957,"衡","equilibrium",2019-11-09 09:33:39,2019-12-05,5,1,5
958,"稿","draft",2019-11-06 02:44:50,2019-11-10,2,2,4
959,"稼","earnings",2019-11-03 03:24:09,2019-11-11,3,2,4
960,"程","extent",2019-11-07 03:08:07,2019-11-10,2,5,4
961,"税","tax",2019-11-06 02:30:37,2019-11-19,4,2,4
962,"稚","immature",2019-11-09 09:37:49,2019-11-11,2,2,4
963,"和","harmony",2019-11-06 02:44:50,2019-11-10,2,2,4
964,"移","shift",2019-11-07 02:53:02,2019-11-22,4,1,4
965,"秒","second",2019-10-27 12:14:20,2019-11-10,4,0,3
966,"秋","autumn",2019-11-05 02:33:40,2019-11-11,3,1,4
967,"愁","distress",2019-11-03 03:26:53,2019-11-12,3,2,4
968,"私","private",2019-10-31 12:54:45,2019-11-11,4,0,3
969,"秩","regularity",2019-11-07 02:57:19,2019-11-22,4,2,6
970,"秘","secret",2019-11-09 09:33:39,2019-11-24,4,2,5
971,"称","appellation",2019-11-09 09:44:35,2019-11-12,2,3,4
972,"利","profit",2019-11-01 03:22:11,2019-11-15,4,0,3
973,"梨","pear tree",2019-11-05 02:37:49,2019-11-11,3,4,6
974,"穫","harvest",2019-11-09 09:41:38,2019-11-15,3,4,6
975,"穂","ear of a plant",2019-11-09 09:37:49,2019-11-11,2,3,5
976,"稲","rice plant",2019-11-06 02:26:23,2019-11-17,4,1,4
977,"香","incense",2019-11-06 02:24:52,2019-11-19,4,2,5
978,"季","seasons",2019-11-09 09:41:38,2019-11-21,4,1,5
979,"委","committee",2019-11-07 03:07:22,2019-12-02,5,0,4
980,"秀","excel",2019-11-04 02:50:32,2019-11-17,4,0,3
981,"透","transparent",2019-11-07 03:08:53,2019-11-10,2,4,4
982,"誘","entice",2019-11-07 03:03:59,2019-11-19,4,3,4
983,"稽","training",2019-11-09 09:31:58,2019-11-21,4,2,5
984,"穀","cereals",2019-11-06 02:44:50,2019-11-10,2,2,4
985,"菌","germ",2019-11-09 09:18:43,2019-11-23,4,1,4
986,"萎","numb",2019-11-01 03:22:11,2019-11-13,4,1,4
987,"米","rice",2019-11-01 03:22:11,2019-11-13,4,0,3
988,"粉","flour",2019-11-09 09:41:38,2019-11-16,3,2,5
989,"粘","sticky",2019-11-04 02:50:32,2019-11-15,4,1,4
990,"粒","grains",2019-11-09 09:33:58,2019-11-22,4,2,4
991,"粧","cosmetics",2019-11-06 02:26:23,2019-11-17,4,0,3
992,"迷","astray",2019-11-06 01:50:10,2019-11-20,4,0,3
993,"粋","chic",2019-11-09 09:31:58,2019-11-23,4,0,3
994,"謎","riddle",2019-11-01 03:35:13,2019-11-10,3,0,2
995,"糧","provisions",2019-11-04 02:52:03,2019-11-13,3,0,2
996,"菊","chrysanthemum",2019-11-06 02:30:37,2019-11-14,3,0,2
997,"奥","core",2019-11-05 02:31:38,2019-11-10,3,0,2
998,"数","number",2019-11-06 02:30:37,2019-11-11,3,0,2
999,"楼","watchtower",2019-11-06 02:29:06,2019-11-15,3,0,2
1000,"類","sort",2019-11-05 03:05:43,2019-11-12,3,0,2
2345,"庄","shire",2019-11-06 02:45:49,2019-11-17,4,0,3
